Demo_spol,Demo_starost,Demo_regija,Q1a_1_other,najboljše_ujemanje,razmerje,za_pregled
2,24,1,Telekom,telekom,1.0,False
2,24,10,T2,t2,1.0,False
2,21,7,telekom,telekom,1.0,False
2,19,8,A1,a1,1.0,False
1,30,7,a1,a1,1.0,False
1,24,4,telemach,telemach,1.0,False
1,17,7,Telemach,telemach,1.0,False
1,29,12,hot,hot,1.0,False
2,27,8,A1,a1,1.0,False
2,29,8,Telekom,telekom,1.0,False
1,24,8,t2,t2,1.0,False
1,22,1,Telekom,telekom,1.0,False
2,30,8,Telemach,telemach,1.0,False
2,30,8,Telemach,telemach,1.0,False
2,29,1,Telekom,telekom,1.0,False
2,29,9,Bob,bob,1.0,False
1,22,2,t2,t2,1.0,False
2,20,9,A1,a1,1.0,False
2,27,5,Hofer,hofer,1.0,False
2,30,8,A1,a1,1.0,False
2,18,12,T2,t2,1.0,False
2,29,4,telekom,telekom,1.0,False
2,26,2,Telemach,telemach,1.0,False
1,25,2,telekom,telekom,1.0,False
2,24,8,Telekom,telekom,1.0,False
1,24,2,telemach,telemach,1.0,False
2,21,2,A1,a1,1.0,False
2,21,4,Telekom,telekom,1.0,False
2,19,10,Telekom Slovenije,telekom slovenije,1.0,False
2,30,7,A1,a1,1.0,False
2,21,5,Telekom,telekom,1.0,False
1,26,8,Telemach,telemach,1.0,False
1,27,8,Telekom,telekom,1.0,False
1,27,1,Telekom,telekom,1.0,False
2,26,4,Telemah,telemach,0.9333333333333333,False
2,24,1,A1,a1,1.0,False
1,24,6,A1,a1,1.0,False
1,30,4,Telekom,telekom,1.0,False
1,24,8,telekom,telekom,1.0,False
2,24,2,Telekom,telekom,1.0,False
1,28,7,Telekom,telekom,1.0,False
1,25,2,HoT,hot,1.0,False
1,25,4,T-2,t-2,1.0,False
1,21,8,Telekom,telekom,1.0,False
2,19,7,telekom,telekom,1.0,False
2,21,12,A1,a1,1.0,False
2,24,8,A1,a1,1.0,False
1,25,8,Telekom,telekom,1.0,False
1,22,7,Iphone,hofer,0.5454545454545454,True
2,22,9,Telemach,telemach,1.0,False
2,23,6,Telemach,telemach,1.0,False
2,18,4,Telekom,telekom,1.0,False
1,29,8,Telekom,telekom,1.0,False
2,18,2,telekom,telekom,1.0,False
1,24,5,Telemach,telemach,1.0,False
1,28,8,Telemach,telemach,1.0,False
2,21,5,Telekom,telekom,1.0,False
1,28,8,T-2,t-2,1.0,False
1,30,2,A1,a1,1.0,False
1,29,6,A1,a1,1.0,False
2,21,2,t2,t2,1.0,False
2,25,9,A1,a1,1.0,False
1,19,9,T2,t2,1.0,False
2,23,7,telekom,telekom,1.0,False
1,23,7,Telemach,telemach,1.0,False
2,46,4,Telekom,telekom,1.0,False
1,52,2,Hot,hot,1.0,False
1,34,2,A1,a1,1.0,False
1,34,2,Telekom,telekom,1.0,False
2,53,5,Telemach,telemach,1.0,False
1,43,4,Telekom,telekom,1.0,False
1,32,2,Telekom,telekom,1.0,False
1,41,4,A1,a1,1.0,False
2,35,8,A1,a1,1.0,False
2,44,5,T2,t2,1.0,False
1,52,9,Telemach,telemach,1.0,False
1,54,10,T2,t2,1.0,False
2,44,2,A1,a1,1.0,False
1,54,12,Mobitel,mobitel,1.0,False
2,45,4,mobitel,mobitel,1.0,False
1,44,2,Telelom,telekom,0.8571428571428572,False
2,46,2,bob,bob,1.0,False
2,46,7,t2,t2,1.0,False
2,38,8,bob,bob,1.0,False
1,51,2,telekom,telekom,1.0,False
1,39,4,T2,t2,1.0,False
1,34,8,Telemach,telemach,1.0,False
2,42,1,A1,a1,1.0,False
1,48,4,Telekom,telekom,1.0,False
1,54,2,Telekom,telekom,1.0,False
2,33,8,Bob,bob,1.0,False
1,52,9,Telemach,telemach,1.0,False
1,48,12,t2,t2,1.0,False
1,38,6,A1,a1,1.0,False
2,52,6,Telekom,telekom,1.0,False
2,50,3,telekom,telekom,1.0,False
2,32,2,Telemach,telemach,1.0,False
2,54,1,telekom,telekom,1.0,False
2,43,8,Telemach,telemach,1.0,False
1,33,4,Telekom,telekom,1.0,False
1,44,6,Hot telekom,hot telekom,1.0,False
1,47,8,Telemach,telemach,1.0,False
2,31,8,Telemach,telemach,1.0,False
1,39,8,telemach,telemach,1.0,False
1,38,2,telekom,telekom,1.0,False
2,50,11,Izi,izi,1.0,False
1,31,8,Telemach,telemach,1.0,False
1,49,5,telemach,telemach,1.0,False
2,50,4,Hot,hot,1.0,False
2,43,7,Simobil,simobil,1.0,False
2,54,12,Telekom,telekom,1.0,False
2,48,4,telemach,telemach,1.0,False
2,33,4,Bob,bob,1.0,False
2,41,2,Mobitel,mobitel,1.0,False
1,44,9,bob,bob,1.0,False
2,55,8,telekom,telekom,1.0,False
2,46,12,bob,bob,1.0,False
2,52,8,A1,a1,1.0,False
2,46,2,Hot,hot,1.0,False
2,40,4,Telemach,telemach,1.0,False
1,34,7,A1,a1,1.0,False
1,34,2,Telekom slovenije,telekom slovenije,1.0,False
2,33,2,Telemach,telemach,1.0,False
1,34,11,Bob,bob,1.0,False
1,45,6,Mobitel,mobitel,1.0,False
2,40,3,telekom,telekom,1.0,False
2,55,2,Bob,bob,1.0,False
2,38,8,A1,a1,1.0,False
1,51,12,t2,t2,1.0,False
1,40,10,Telekom Slovenije,telekom slovenije,1.0,False
2,49,4,a1,a1,1.0,False
2,46,7,A1,a1,1.0,False
2,54,7,t2,t2,1.0,False
1,45,7,t-2,t-2,1.0,False
2,50,7,A1,a1,1.0,False
1,32,8,Telekom,telekom,1.0,False
2,31,12,simobil,simobil,1.0,False
1,54,8,Telemah,telemach,0.9333333333333333,False
2,39,7,T2,t2,1.0,False
1,47,9,telekom,telekom,1.0,False
1,52,9,TELEKOM,telekom,1.0,False
1,40,8,telekom,telekom,1.0,False
1,40,12,Telekom,telekom,1.0,False
2,40,4,Telekom,telekom,1.0,False
1,35,8,Telekom,telekom,1.0,False
2,54,8,Telekom,telekom,1.0,False
2,35,4,A1,a1,1.0,False
2,39,8,Telekom,telekom,1.0,False
2,44,12,a1,a1,1.0,False
2,36,8,T2,t2,1.0,False
2,49,8,Bob,bob,1.0,False
2,50,11,Telemach,telemach,1.0,False
2,49,8,A1,a1,1.0,False
2,49,6,T2,t2,1.0,False
2,36,4,Telekom Slovenije,telekom slovenije,1.0,False
1,48,7,A1,a1,1.0,False
2,33,12,Hot,hot,1.0,False
2,43,8,Telemach,telemach,1.0,False
1,42,4,Telemach,telemach,1.0,False
2,45,8,Telemach,telemach,1.0,False
1,49,4,Telemach,telemach,1.0,False
1,36,3,telekom,telekom,1.0,False
1,36,8,T-2,t-2,1.0,False
2,46,11,A1,a1,1.0,False
1,34,8,A1,a1,1.0,False
1,43,8,telemach,telemach,1.0,False
2,45,3,A1,a1,1.0,False
1,43,6,Telekom,telekom,1.0,False
1,45,11,Hot,hot,1.0,False
1,39,6,Telemach,telemach,1.0,False
1,38,2,A1,a1,1.0,False
1,49,8,A1,a1,1.0,False
1,43,8,T2,t2,1.0,False
1,36,1,Telemach,telemach,1.0,False
1,41,12,Telekom,telekom,1.0,False
1,47,5,a1,a1,1.0,False
1,39,8,a1,a1,1.0,False
1,49,6,T-2,t-2,1.0,False
2,41,10,Bob,bob,1.0,False
2,41,11,Telekom,telekom,1.0,False
1,47,8,Telemach,telemach,1.0,False
1,48,10,Telekom,telekom,1.0,False
1,44,8,Telekom,telekom,1.0,False
1,42,8,A1,a1,1.0,False
1,42,8,a1,a1,1.0,False
1,49,3,a1,a1,1.0,False
2,52,2,a1,a1,1.0,False
1,43,8,A1,a1,1.0,False
1,45,2,telemach,telemach,1.0,False
1,44,2,telekonm,telekom,0.9333333333333333,False
1,50,4,A1,a1,1.0,False
2,34,2,Bob,bob,1.0,False
1,44,8,a1,a1,1.0,False
1,40,6,Mibitel,mobitel,0.8571428571428572,False
2,35,9,A1,a1,1.0,False
2,49,4,Telekom,telekom,1.0,False
1,48,8,A1,a1,1.0,False
1,48,10,Telekom,telekom,1.0,False
1,43,6,Telekom,telekom,1.0,False
1,47,9,A1,a1,1.0,False
1,42,9,t-2,t-2,1.0,False
1,43,2,Telekom,telekom,1.0,False
1,53,4,a1,a1,1.0,False
2,39,8,a1,a1,1.0,False
1,31,3,bob,bob,1.0,False
1,38,2,Telekom Slovenije,telekom slovenije,1.0,False
1,33,9,Telemach,telemach,1.0,False
1,33,1,Telekom,telekom,1.0,False
2,44,4,Telekom,telekom,1.0,False
2,38,4,telemach,telemach,1.0,False
1,33,2,A1,a1,1.0,False
2,53,7,A1,a1,1.0,False
2,36,2,Telemach,telemach,1.0,False
2,36,2,T2,t2,1.0,False
2,40,8,A1,a1,1.0,False
1,33,1,A1,a1,1.0,False
2,40,2,telekom,telekom,1.0,False
1,33,11,bob,bob,1.0,False
2,36,8,telemach,telemach,1.0,False
2,54,8,T2,t2,1.0,False
2,51,12,A1,a1,1.0,False
2,34,3,Bob,bob,1.0,False
2,54,4,a1,a1,1.0,False
2,36,3,A1,a1,1.0,False
1,52,4,A1,a1,1.0,False
2,38,4,Telemach,telemach,1.0,False
1,31,11,a1,a1,1.0,False
2,54,8,t2,t2,1.0,False
2,55,4,Telemah,telemach,0.9333333333333333,False
2,55,1,telemach,telemach,1.0,False
1,64,2,A1,a1,1.0,False
2,57,9,bob,bob,1.0,False
1,61,8,Telekom,telekom,1.0,False
1,56,4,Telemach,telemach,1.0,False
2,58,10,a1,a1,1.0,False
1,62,7,T2,t2,1.0,False
1,74,11,mobitel,mobitel,1.0,False
2,70,12,Bob,bob,1.0,False
1,63,1,Telemach,telemach,1.0,False
1,75,8,hot,hot,1.0,False
1,71,8,telemah,telemach,0.9333333333333333,False
2,64,4,A1,a1,1.0,False
2,62,8,Telekom,telekom,1.0,False
1,61,4,T2,t2,1.0,False
2,65,4,Telemah,telemach,0.9333333333333333,False
2,72,3,telekom,telekom,1.0,False
2,65,2,TELEKOM,telekom,1.0,False
1,66,1,Telemach,telemach,1.0,False
2,61,5,Telekom,telekom,1.0,False
2,56,9,Bob,bob,1.0,False
1,57,2,mobitel,mobitel,1.0,False
2,66,8,Telemach,telemach,1.0,False
2,67,5,Telekom,telekom,1.0,False
1,61,3,teleko,telekom,0.9230769230769231,False
2,61,8,Telekom,telekom,1.0,False
2,73,7,Telekom,telekom,1.0,False
1,75,8,Telemach,telemach,1.0,False
2,72,9,Hot,hot,1.0,False
1,59,3,telemah,telemach,0.9333333333333333,False
2,69,8,Telekom,telekom,1.0,False
2,59,9,T2,t2,1.0,False
2,68,12,Telemach,telemach,1.0,False
1,62,12,Telekom,telekom,1.0,False
2,66,6,A1,a1,1.0,False
2,72,2,telemach,telemach,1.0,False
1,66,11,telekom,telekom,1.0,False
2,68,4,telemach,telemach,1.0,False
2,70,8,telekom,telekom,1.0,False
1,66,2,telekom,telekom,1.0,False
2,58,2,BOB,bob,1.0,False
2,61,4,Telemach,telemach,1.0,False
2,69,2,TELEMACH,telemach,1.0,False
2,61,4,T2,t2,1.0,False
1,66,2,telekom,telekom,1.0,False
2,68,1,T-2,t-2,1.0,False
1,70,8,Telekom,telekom,1.0,False
2,67,8,Telemach,telemach,1.0,False
1,57,1,A1,a1,1.0,False
1,65,4,mobitel,mobitel,1.0,False
2,74,4,telemach,telemach,1.0,False
2,68,11,IZI,izi,1.0,False
2,58,5,A1,a1,1.0,False
2,67,9,Diol,siol,0.75,False
2,60,9,Mobitel,mobitel,1.0,False
1,57,8,telekom,telekom,1.0,False
1,66,2,telekom,telekom,1.0,False
1,64,4,A1,a1,1.0,False
1,61,9,A1,a1,1.0,False
2,59,2,A1,a1,1.0,False
1,68,2,telekom,telekom,1.0,False
2,62,8,a 1,a1,0.8,False
1,66,8,telekom,telekom,1.0,False
1,62,11,tekekom,telekom,0.8571428571428572,False
2,57,8,T2,t2,1.0,False
1,58,5,Telekom,telekom,1.0,False
1,56,2,krs,siol,0.2857142857142857,True
1,60,2,telemach,telemach,1.0,False
2,64,7,Telekom,telekom,1.0,False
1,73,8,telekom,telekom,1.0,False
2,75,8,Telemach,telemach,1.0,False
2,71,8,Telemach,telemach,1.0,False
2,69,2,A1,a1,1.0,False
1,64,7,A1,a1,1.0,False
2,68,8,T2,t2,1.0,False
2,56,8,Telekom,telekom,1.0,False
2,57,2,a1,a1,1.0,False
2,61,9,T2,t2,1.0,False
2,68,12,T2,t2,1.0,False
1,60,8,A1,a1,1.0,False
2,72,5,A 1,a1,0.8,False
1,57,1,telekom,telekom,1.0,False
1,72,3,T-2,t-2,1.0,False
2,56,4,Telekom,telekom,1.0,False
2,65,8,A1,a1,1.0,False
2,58,12,Telemach,telemach,1.0,False
2,64,8,A1,a1,1.0,False
2,62,2,Telekom,telekom,1.0,False
2,67,5,A1,a1,1.0,False
1,68,9,telekom,telekom,1.0,False
1,64,8,telemach,telemach,1.0,False
1,69,1,telemach,telemach,1.0,False
2,60,8,t2,t2,1.0,False
2,59,8,A1,a1,1.0,False
2,71,11,Telekom,telekom,1.0,False
1,65,2,Telekom,telekom,1.0,False
2,73,8,A1,a1,1.0,False
1,56,1,Telekom,telekom,1.0,False
1,69,1,Telemach,telemach,1.0,False
2,68,4,Telemach,telemach,1.0,False
2,69,4,Telekom,telekom,1.0,False
1,61,8,Telekom Slovenije,telekom slovenije,1.0,False
1,71,8,Telekom,telekom,1.0,False
1,63,8,Telekom,telekom,1.0,False
2,59,8,TELEKOM,telekom,1.0,False
2,66,8,Telekom,telekom,1.0,False
1,70,8,mobitel,mobitel,1.0,False
1,65,2,Telemach,telemach,1.0,False
1,66,9,Telemach,telemach,1.0,False
1,60,5,a1,a1,1.0,False
1,70,9,t-2,t-2,1.0,False
1,69,11,A1,a1,1.0,False
2,57,1,Mobitel,mobitel,1.0,False
1,68,8,Telemah,telemach,0.9333333333333333,False
1,61,9,Hot,hot,1.0,False
1,63,2,A1,a1,1.0,False
2,60,8,Telekom,telekom,1.0,False
2,56,2,telekom,telekom,1.0,False
1,65,8,Telekom,telekom,1.0,False
1,56,4,Telemah,telemach,0.9333333333333333,False
2,26,2,Telemach,telemach,1.0,False
1,34,1,A1,a1,1.0,False
2,21,9,T2,t2,1.0,False
1,52,2,A1,a1,1.0,False
2,22,9,Telemach,telemach,1.0,False
1,44,3,Telekom,telekom,1.0,False
1,24,8,Telemach,telemach,1.0,False
1,52,12,telemach,telemach,1.0,False
2,58,2,Hot,hot,1.0,False
2,53,6,Telekom,telekom,1.0,False
2,40,2,Mobitel,mobitel,1.0,False
2,45,12,Telekom,telekom,1.0,False
1,56,8,Telemach,telemach,1.0,False
2,33,2,Telemach,telemach,1.0,False
1,55,8,Telemach,telemach,1.0,False
2,60,8,Telekom,telekom,1.0,False
1,58,10,telekom,telekom,1.0,False
2,21,8,a1,a1,1.0,False
1,65,2,Telekom,telekom,1.0,False
1,20,8,A1,a1,1.0,False
2,62,5,Telemach,telemach,1.0,False
2,25,8,Bob,bob,1.0,False
2,55,9,Telekom,telekom,1.0,False
1,64,2,Telemach,telemach,1.0,False
2,57,9,Bob,bob,1.0,False
2,52,8,Telekom,telekom,1.0,False
1,46,8,telekom,telekom,1.0,False
1,57,7,Bob,bob,1.0,False
1,57,8,Hofer mobil,hot mobil,0.8,False
2,42,8,Telekom,telekom,1.0,False
1,33,2,T2,t2,1.0,False
1,24,7,A1,a1,1.0,False
1,65,9,Telemach,telemach,1.0,False
1,20,8,telemach,telemach,1.0,False
1,44,7,t-2,t-2,1.0,False
1,56,8,Telekom,telekom,1.0,False
2,65,7,A1,a1,1.0,False
2,22,4,a1,a1,1.0,False
1,63,8,telemach,telemach,1.0,False
1,46,2,Telemach,telemach,1.0,False
1,58,8,telekom,telekom,1.0,False
2,63,7,Telekom,telekom,1.0,False
2,55,1,A1,a1,1.0,False
1,51,8,Izi,izi,1.0,False
2,53,1,telekom,telekom,1.0,False
1,60,9,telekom,telekom,1.0,False
1,61,1,telekom,telekom,1.0,False
1,44,11,Telekom,telekom,1.0,False
1,48,5,telemach,telemach,1.0,False
2,44,4,Telekom,telekom,1.0,False
1,62,8,Telemach,telemach,1.0,False
1,39,9,Telemach,telemach,1.0,False
2,28,1,Telekom,telekom,1.0,False
1,51,2,Hot,hot,1.0,False
1,48,2,Telemah,telemach,0.9333333333333333,False
1,58,9,telekom,telekom,1.0,False
1,59,2,TELEMACH,telemach,1.0,False
2,42,8,Telemach,telemach,1.0,False
2,59,8,Telemach,telemach,1.0,False
2,32,8,Telemach,telemach,1.0,False
1,49,8,Telekom,telekom,1.0,False
1,62,5,T-2,t-2,1.0,False
1,56,2,telekom,telekom,1.0,False
1,52,8,telemach,telemach,1.0,False
2,41,1,Telemach,telemach,1.0,False
1,45,8,Telemah,telemach,0.9333333333333333,False
2,27,7,Mobitel,mobitel,1.0,False
1,56,4,A1,a1,1.0,False
2,47,2,Telekom,telekom,1.0,False
2,53,4,Telemach,telemach,1.0,False
1,62,9,a1,a1,1.0,False
2,23,1,A1,a1,1.0,False
1,29,9,A1,a1,1.0,False
1,49,8,Telemach,telemach,1.0,False
1,29,8,T2,t2,1.0,False
2,35,8,A1,a1,1.0,False
1,55,4,Telemach,telemach,1.0,False
1,47,10,Telekom,telekom,1.0,False
2,60,7,Telemah,telemach,0.9333333333333333,False
1,23,8,t2,t2,1.0,False
1,58,4,Telekom,telekom,1.0,False
2,33,8,telekom,telekom,1.0,False
1,62,1,Telekom,telekom,1.0,False
1,35,4,Bob,bob,1.0,False
1,52,8,Telemach,telemach,1.0,False
1,32,2,Telemach,telemach,1.0,False
1,54,8,T2,t2,1.0,False
1,53,10,T2,t2,1.0,False
1,63,2,A1,a1,1.0,False
1,63,7,A1,a1,1.0,False
2,58,11,Bob,bob,1.0,False
1,55,8,Telemach,telemach,1.0,False
1,46,8,Telemach,telemach,1.0,False
1,63,2,Telemach,telemach,1.0,False
2,64,8,Telekom,telekom,1.0,False
2,56,8,Telekom Slovenija,telekom slovenije,0.9411764705882353,False
1,55,10,telekom,telekom,1.0,False
2,39,9,Telekom,telekom,1.0,False
2,28,8,Telekom,telekom,1.0,False
2,60,3,Hofer,hofer,1.0,False
2,23,2,Telemach,telemach,1.0,False
1,60,2,a1,a1,1.0,False
2,51,1,Telemach,telemach,1.0,False
1,18,8,Telemach,telemach,1.0,False
1,45,8,Bob,bob,1.0,False
2,54,11,A1,a1,1.0,False
2,55,7,T2,t2,1.0,False
2,63,4,A1,a1,1.0,False
1,31,8,bob,bob,1.0,False
1,33,8,Telekom,telekom,1.0,False
2,21,9,T2,t2,1.0,False
1,40,11,telekom,telekom,1.0,False
1,51,8,T2,t2,1.0,False
2,64,5,Telekom,telekom,1.0,False
1,29,10,A1,a1,1.0,False
1,57,9,Telemach,telemach,1.0,False
2,23,4,Bob,bob,1.0,False
1,48,5,telemach,telemach,1.0,False
2,20,2,A1,a1,1.0,False
2,61,9,Telekom,telekom,1.0,False
2,22,9,A1,a1,1.0,False
2,24,4,Telecom,telekom,0.8571428571428572,False
2,33,7,A1,a1,1.0,False
2,21,8,Bob,bob,1.0,False
2,63,8,Telemach,telemach,1.0,False
1,48,8,A1,a1,1.0,False
2,53,7,t2,t2,1.0,False
2,29,8,Hot mobil,hot mobil,1.0,False
2,56,1,Telemach,telemach,1.0,False
1,51,8,T2,t2,1.0,False
2,49,2,telemach,telemach,1.0,False
2,48,2,A1,a1,1.0,False
2,50,12,A1,a1,1.0,False
1,44,1,Telemach,telemach,1.0,False
1,24,2,Telekom,telekom,1.0,False
2,46,8,Telekom,telekom,1.0,False
1,65,11,telekom,telekom,1.0,False
1,34,7,T2,t2,1.0,False
1,23,11,Telekom Slovenije,telekom slovenije,1.0,False
2,67,1,T-2,t-2,1.0,False
1,63,7,Telekom,telekom,1.0,False
2,36,12,Telekom Slovenije,telekom slovenije,1.0,False
1,47,8,A1,a1,1.0,False
2,18,12,T2,t2,1.0,False
2,68,8,T-2,t-2,1.0,False
1,73,9,telekom,telekom,1.0,False
1,70,8,Telekom,telekom,1.0,False
2,64,2,T2,t2,1.0,False
2,55,8,Telekom,telekom,1.0,False
1,51,1,bob,bob,1.0,False
1,59,5,A1,a1,1.0,False
1,34,8,a1,a1,1.0,False
1,39,5,A1,a1,1.0,False
2,74,11,telekom,telekom,1.0,False
1,47,5,mobitel,mobitel,1.0,False
1,67,8,bob,bob,1.0,False
2,44,12,Sparmobil,spar mobil,0.9473684210526316,False
1,74,8,hofer,hofer,1.0,False
1,73,11,telemah,telemach,0.9333333333333333,False
2,68,8,T2,t2,1.0,False
2,51,2,Telekom,telekom,1.0,False
1,48,3,telemah,telemach,0.9333333333333333,False
1,55,8,T2,t2,1.0,False
2,31,2,telekom,telekom,1.0,False
1,57,8,Telekom,telekom,1.0,False
1,34,4,Telemach,telemach,1.0,False
2,30,7,A1,a1,1.0,False
1,27,2,A1,a1,1.0,False
1,28,12,Hot,hot,1.0,False
2,21,2,telemach,telemach,1.0,False
2,35,8,Hofer,hofer,1.0,False
1,23,8,A1,a1,1.0,False
2,35,2,Telemach,telemach,1.0,False
2,39,9,Telemach,telemach,1.0,False
1,37,9,A1,a1,1.0,False
2,32,2,Telemach,telemach,1.0,False
2,19,4,Hot,hot,1.0,False
1,30,8,Telemach,telemach,1.0,False
2,43,6,Telekom,telekom,1.0,False
2,37,2,Telekom,telekom,1.0,False
1,42,6,Telekom,telekom,1.0,False
1,30,2,Telemach,telemach,1.0,False
2,31,9,telekom,telekom,1.0,False
1,31,8,Huawei,hofer,0.36363636363636365,True
2,40,8,Telekom Slovenije,telekom slovenije,1.0,False
2,47,5,telemach,telemach,1.0,False
2,47,4,Telemach,telemach,1.0,False
2,68,8,Telemach,telemach,1.0,False
2,50,8,Izi mobil,izi mobil,1.0,False
1,37,8,Telekom,telekom,1.0,False
2,48,1,Telmach,telemach,0.9333333333333333,False
2,71,9,Hot,hot,1.0,False
1,40,8,A 1,a1,0.8,False
1,48,4,tečemach,telemach,0.875,False
2,32,2,Bob,bob,1.0,False
1,65,9,T2,t2,1.0,False
2,34,2,Telekom Slovenije,telekom slovenije,1.0,False
2,38,12,A1,a1,1.0,False
1,43,3,Telekom,telekom,1.0,False
2,42,8,Telekom,telekom,1.0,False
1,29,1,Telekom,telekom,1.0,False
1,21,1,Telekom,telekom,1.0,False
2,40,11,A1,a1,1.0,False
1,19,12,Hofer,hofer,1.0,False
1,68,9,A1,a1,1.0,False
2,41,2,Telemach,telemach,1.0,False
1,25,8,A1,a1,1.0,False
1,34,1,Bob,bob,1.0,False
1,28,8,A1,a1,1.0,False
1,45,8,Telekom,telekom,1.0,False
1,38,8,a1,a1,1.0,False
2,28,9,T2,t2,1.0,False
2,39,1,Telemach,telemach,1.0,False
2,46,8,T2,t2,1.0,False
1,38,9,Telekom,telekom,1.0,False
2,66,1,Telemach,telemach,1.0,False
2,37,8,A1,a1,1.0,False
1,38,8,t2,t2,1.0,False
1,28,8,telekom,telekom,1.0,False
2,23,9,A1,a1,1.0,False
2,43,1,T2,t2,1.0,False
1,40,8,A1,a1,1.0,False
2,34,12,Telekom,telekom,1.0,False
2,45,7,telemach,telemach,1.0,False
1,43,1,Telemach,telemach,1.0,False
2,29,2,Telekom,telekom,1.0,False
1,26,8,Telekom,telekom,1.0,False
1,35,2,Telekom slovenija,telekom slovenije,0.9411764705882353,False
1,37,2,telekom,telekom,1.0,False
1,33,7,A1,a1,1.0,False
2,41,3,bob,bob,1.0,False
1,23,7,A1,a1,1.0,False
2,63,2,Telemach,telemach,1.0,False
1,45,9,T2,t2,1.0,False
1,42,6,Telekom,telekom,1.0,False
1,24,2,Telekom,telekom,1.0,False
1,66,2,telmach,telemach,0.9333333333333333,False
1,32,2,Telemach,telemach,1.0,False
2,39,3,Bob,bob,1.0,False
2,16,8,Telekom Slovenije,telekom slovenije,1.0,False
2,40,8,Telekom,telekom,1.0,False
2,33,8,A1,a1,1.0,False
1,43,11,Telekom,telekom,1.0,False
2,46,8,Telekom,telekom,1.0,False
2,18,3,A1,a1,1.0,False
1,63,7,Telemach,telemach,1.0,False
2,22,7,Telekom,telekom,1.0,False
2,34,2,Telemach,telemach,1.0,False
1,30,3,bob,bob,1.0,False
1,71,12,T2,t2,1.0,False
2,49,4,A1,a1,1.0,False
1,49,4,telekom,telekom,1.0,False
1,18,8,T2,t2,1.0,False
1,28,8,Telemach,telemach,1.0,False
1,55,4,Telemach,telemach,1.0,False
2,66,9,Telekom,telekom,1.0,False
1,29,4,Hot,hot,1.0,False
1,45,4,A1,a1,1.0,False
1,37,8,Telekom,telekom,1.0,False
1,35,8,Telekom,telekom,1.0,False
2,67,11,Siol,siol,1.0,False
1,25,8,Telemach,telemach,1.0,False
2,51,4,T2,t2,1.0,False
2,71,2,Telekom,telekom,1.0,False
1,28,8,telekom,telekom,1.0,False
1,15,7,A1,a1,1.0,False
2,53,8,Telekom,telekom,1.0,False
1,37,2,Telekom Slovenije,telekom slovenije,1.0,False
1,43,2,telekonm,telekom,0.9333333333333333,False
1,35,3,telemach,telemach,1.0,False
2,69,7,T2,t2,1.0,False
2,45,5,telekom,telekom,1.0,False
1,33,2,Hofer,hofer,1.0,False
2,60,2,Telemach,telemach,1.0,False
2,31,9,Hot,hot,1.0,False
1,33,8,Telemach,telemach,1.0,False
2,34,4,Telemach,telemach,1.0,False
2,66,5,A1,a1,1.0,False
1,43,9,Bob,bob,1.0,False
2,67,2,Telenach,telemach,0.875,False
1,43,7,Telemach,telemach,1.0,False
2,58,8,A1,a1,1.0,False
2,42,11,Telekom,telekom,1.0,False
2,28,1,A1,a1,1.0,False
2,33,4,Telekom,telekom,1.0,False
2,33,8,Hot,hot,1.0,False
2,46,2,telemach,telemach,1.0,False
2,67,8,A1,a1,1.0,False
2,43,11,Telekom,telekom,1.0,False
2,47,4,T2,t2,1.0,False
2,40,8,Telekom,telekom,1.0,False
2,27,8,A1,a1,1.0,False
1,66,2,bob,bob,1.0,False
1,67,2,telekom,telekom,1.0,False
2,46,2,A1,a1,1.0,False
2,17,8,T2,t2,1.0,False
2,44,5,A1,a1,1.0,False
2,69,8,a 1,a1,0.8,False
2,26,4,Telekom slovenije,telekom slovenije,1.0,False
2,67,5,TELEMACH,telemach,1.0,False
1,42,8,A1,a1,1.0,False
2,68,2,A1,a1,1.0,False
2,67,9,Telemach,telemach,1.0,False
1,33,11,A1,a1,1.0,False
1,45,10,Bob,bob,1.0,False
2,65,1,Telekom,telekom,1.0,False
2,69,8,Telekom,telekom,1.0,False
2,49,7,HOT,hot,1.0,False
1,69,1,telemach,telemach,1.0,False
2,49,8,Telekom,telekom,1.0,False
2,47,7,A1,a1,1.0,False
1,17,2,t2,t2,1.0,False
2,68,3,a1,a1,1.0,False
2,27,4,A1,a1,1.0,False
1,72,8,telekom,telekom,1.0,False
2,68,2,T2,t2,1.0,False
2,57,2,T2,t2,1.0,False
1,24,10,Bob,bob,1.0,False
1,48,8,telekom,telekom,1.0,False
2,70,2,telemach,telemach,1.0,False
1,43,8,Hot,hot,1.0,False
1,33,8,telekom,telekom,1.0,False
2,63,9,a1,a1,1.0,False
1,60,12,telekom,telekom,1.0,False
2,64,4,Telemah,telemach,0.9333333333333333,False
2,23,8,Telekom,telekom,1.0,False
1,68,11,telemah,telemach,0.9333333333333333,False
2,72,8,A1,a1,1.0,False
2,18,8,T-2,t-2,1.0,False
1,49,4,Telekom,telekom,1.0,False
1,41,12,Telecom,telekom,0.8571428571428572,False
1,24,10,simobil,simobil,1.0,False
1,35,11,Telekom,telekom,1.0,False
1,25,2,A1,a1,1.0,False
2,23,8,Telekom,telekom,1.0,False
1,50,9,t2,t2,1.0,False
2,57,8,Telekom,telekom,1.0,False
1,22,8,telekom,telekom,1.0,False
1,75,8,Telekom,telekom,1.0,False
1,56,5,T-2,t-2,1.0,False
2,53,8,A1,a1,1.0,False
1,70,8,TELEKOM,telekom,1.0,False
1,54,5,telemach,telemach,1.0,False
2,69,7,T2,t2,1.0,False
1,70,2,a1,a1,1.0,False
1,68,1,telemach,telemach,1.0,False
2,66,9,Telekom,telekom,1.0,False
1,22,7,telekom,telekom,1.0,False
2,58,8,A1,a1,1.0,False
1,69,9,a1,a1,1.0,False
2,67,4,telekom,telekom,1.0,False
1,29,3,A1,a1,1.0,False
1,45,8,a1,a1,1.0,False
1,46,10,Mobitel,mobitel,1.0,False
2,67,4,Telekom,telekom,1.0,False
2,67,8,A1,a1,1.0,False
2,27,8,Izimobil,izimobil,1.0,False
2,52,11,Telemach,telemach,1.0,False
1,47,9,hot hofer,hofer,0.7142857142857143,False
2,58,12,A1,a1,1.0,False
1,63,8,a1,a1,1.0,False
2,58,4,TELEKOM,telekom,1.0,False
2,21,8,hot,hot,1.0,False
2,20,8,Telekom,telekom,1.0,False
2,50,8,Telemah,telemach,0.9333333333333333,False
1,41,9,t2,t2,1.0,False
2,38,8,A1,a1,1.0,False
1,46,8,T2,t2,1.0,False
2,32,9,T2,t2,1.0,False
1,50,8,Aq,a1,0.5,True
1,46,9,a1,a1,1.0,False
1,44,11,t2,t2,1.0,False
1,41,8,HoT,hot,1.0,False
2,46,11,hofer,hofer,1.0,False
2,44,4,A1,a1,1.0,False
1,49,9,Bob,bob,1.0,False
2,43,1,T2,t2,1.0,False
2,75,8,T2,t2,1.0,False
1,56,6,Telemah,telemach,0.9333333333333333,False
1,66,4,Telemach,telemach,1.0,False
1,62,4,telekom,telekom,1.0,False
2,69,8,hot,hot,1.0,False
1,29,4,telekom,telekom,1.0,False
2,27,2,A1,a1,1.0,False
1,30,2,Telemach,telemach,1.0,False
1,20,9,Telekom,telekom,1.0,False
1,32,2,Bob,bob,1.0,False
2,36,2,spar,spar mobil,0.5714285714285714,True
2,34,8,bob,bob,1.0,False
1,42,8,Bob,bob,1.0,False
2,51,2,A1,a1,1.0,False
2,32,2,Bob,bob,1.0,False
1,47,8,bob,bob,1.0,False
1,37,11,bob,bob,1.0,False
2,31,9,Bob,bob,1.0,False
1,36,8,Bob,bob,1.0,False
1,54,12,bob,bob,1.0,False
2,51,8,Bob,bob,1.0,False
2,51,2,A1,a1,1.0,False
1,42,8,bob,bob,1.0,False
2,47,8,Bob,bob,1.0,False
2,43,2,Bob,bob,1.0,False
1,57,9,telekom,telekom,1.0,False
1,64,3,telekom,telekom,1.0,False
2,58,2,Bob,bob,1.0,False
2,62,4,bob,bob,1.0,False
2,20,3,Simobil,simobil,1.0,False
2,27,12,T2,t2,1.0,False
1,27,4,A1,a1,1.0,False
2,18,8,Telekom Slovenije,telekom slovenije,1.0,False
2,21,2,Telemach,telemach,1.0,False
2,39,4,A1,a1,1.0,False
1,46,9,Izimobil,izimobil,1.0,False
2,32,11,T2,t2,1.0,False
2,51,2,"T-2, d.o.o.",t-2,0.4285714285714286,True
2,53,8,T2,t2,1.0,False
2,43,8,A1,a1,1.0,False
1,52,2,T2,t2,1.0,False
1,44,4,Izi,izi,1.0,False
2,53,12,t2,t2,1.0,False
2,47,8,t2,t2,1.0,False
1,35,2,Telenach,telemach,0.875,False
1,38,8,Telekom,telekom,1.0,False
1,45,7,telekom,telekom,1.0,False
1,57,9,Telemach,telemach,1.0,False
1,71,5,bob,bob,1.0,False
2,68,9,Telekom,telekom,1.0,False
2,57,1,Mobitel,mobitel,1.0,False
1,67,8,Telekom,telekom,1.0,False
2,72,2,T2,t2,1.0,False
1,57,8,Telekom,telekom,1.0,False
1,75,12,A1,a1,1.0,False
2,56,8,telemach,telemach,1.0,False
1,66,2,Telemach,telemach,1.0,False
2,69,8,BOB,bob,1.0,False
2,66,8,T2,t2,1.0,False
1,73,11,T2,t2,1.0,False
1,64,4,T2,t2,1.0,False
2,63,1,T2,t2,1.0,False
1,58,9,Telekom Slovenije,telekom slovenije,1.0,False
2,59,9,t-2,t-2,1.0,False
2,60,9,T-2,t-2,1.0,False
1,60,8,T2,t2,1.0,False
1,69,6,a1,a1,1.0,False
1,60,8,t2,t2,1.0,False
2,57,9,T2,t2,1.0,False
2,68,9,Tv2,t2,0.8,False
2,66,3,t2,t2,1.0,False
1,65,11,telekom,telekom,1.0,False
2,21,8,Telemach,telemach,1.0,False
1,25,6,Telemach,telemach,1.0,False
2,23,8,Telemach,telemach,1.0,False
2,24,6,Telemach,telemach,1.0,False
1,25,8,telemach,telemach,1.0,False
2,29,8,Telekom,telekom,1.0,False
1,28,7,Telekom,telekom,1.0,False
2,21,8,Telemach,telemach,1.0,False
2,30,8,t2,t2,1.0,False
1,26,4,Telekom,telekom,1.0,False
2,17,4,A1,a1,1.0,False
2,19,2,T2,t2,1.0,False
2,21,2,Telemach,telemach,1.0,False
2,19,8,Telemach,telemach,1.0,False
2,21,2,Telemach,telemach,1.0,False
1,22,9,Telemach,telemach,1.0,False
1,21,11,telemach,telemach,1.0,False
1,46,4,T2,t2,1.0,False
2,39,6,A1,a1,1.0,False
1,51,2,telemach,telemach,1.0,False
2,48,8,TELEMACH,telemach,1.0,False
1,39,5,A1,a1,1.0,False
1,39,4,Telemach,telemach,1.0,False
1,53,8,A1,a1,1.0,False
2,44,12,telemach,telemach,1.0,False
2,40,2,Mobitel,mobitel,1.0,False
1,46,2,telemach,telemach,1.0,False
2,34,4,telemach,telemach,1.0,False
1,50,5,Telemach,telemach,1.0,False
1,40,8,telekom,telekom,1.0,False
2,53,7,Telemach,telemach,1.0,False
1,45,12,T2,t2,1.0,False
2,52,7,A1,a1,1.0,False
2,38,8,Telemach,telemach,1.0,False
2,31,8,Telemach,telemach,1.0,False
2,32,9,T-2,t-2,1.0,False
2,37,9,Telekom,telekom,1.0,False
1,45,8,telemach,telemach,1.0,False
2,35,8,Telemach,telemach,1.0,False
1,53,9,T2,t2,1.0,False
1,50,8,Telemach,telemach,1.0,False
1,41,1,A1,a1,1.0,False
2,46,7,Telemach,telemach,1.0,False
2,34,2,Telemach,telemach,1.0,False
1,51,8,a1,a1,1.0,False
2,45,8,TELEKOM,telekom,1.0,False
1,47,4,Telemach,telemach,1.0,False
1,55,5,a1,a1,1.0,False
1,37,8,Telemach,telemach,1.0,False
1,51,9,Telemach,telemach,1.0,False
1,39,1,TELEMACH,telemach,1.0,False
1,35,8,Telekom,telekom,1.0,False
2,47,4,Telemach,telemach,1.0,False
1,33,1,Telemach,telemach,1.0,False
2,44,12,Telemach,telemach,1.0,False
1,55,12,a1,a1,1.0,False
1,33,2,Bob,bob,1.0,False
1,33,3,A1,a1,1.0,False
2,45,2,Telemach,telemach,1.0,False
2,42,3,A1,a1,1.0,False
1,55,2,telemach,telemach,1.0,False
2,43,8,a1,a1,1.0,False
1,41,1,telekom,telekom,1.0,False
1,72,8,T2,t2,1.0,False
2,69,8,Telekom,telekom,1.0,False
2,61,6,T2,t2,1.0,False
1,67,9,Telekom,telekom,1.0,False
1,72,4,Bob,bob,1.0,False
2,68,1,TELEKOM,telekom,1.0,False
1,67,8,telemach,telemach,1.0,False
1,63,8,T-2,t-2,1.0,False
1,67,3,Telemah,telemach,0.9333333333333333,False
1,59,8,t2,t2,1.0,False
1,73,8,a1,a1,1.0,False
1,75,2,Telemach,telemach,1.0,False
1,71,8,telekom,telekom,1.0,False
1,69,12,a1,a1,1.0,False
2,71,4,Telemach,telemach,1.0,False
1,63,2,T2,t2,1.0,False
2,62,5,Telekom,telekom,1.0,False
2,65,2,telekom,telekom,1.0,False
2,65,4,Telekom,telekom,1.0,False
2,59,2,Telemach,telemach,1.0,False
2,59,12,Telemach,telemach,1.0,False
1,60,8,Telekom,telekom,1.0,False
1,70,4,telemach,telemach,1.0,False
2,70,4,Telekom,telekom,1.0,False
2,58,8,A1,a1,1.0,False
1,61,8,Telemach,telemach,1.0,False
2,73,6,Telemach,telemach,1.0,False
1,59,7,A1,a1,1.0,False
2,59,7,Telekom,telekom,1.0,False
2,70,9,Telekom,telekom,1.0,False
1,64,2,telemach,telemach,1.0,False
2,69,8,Telemach,telemach,1.0,False
1,61,8,A1,a1,1.0,False
1,58,4,telemach,telemach,1.0,False
2,60,2,telekom,telekom,1.0,False
2,28,7,A1,a1,1.0,False
1,28,7,A1,a1,1.0,False
1,21,6,a1,a1,1.0,False
1,29,8,Telemach,telemach,1.0,False
1,25,12,A1,a1,1.0,False
2,24,10,A1,a1,1.0,False
2,28,8,A1,a1,1.0,False
1,16,7,A1,a1,1.0,False
2,28,1,A1,a1,1.0,False
2,21,2,A1,a1,1.0,False
1,25,8,A1,a1,1.0,False
2,17,12,A1,a1,1.0,False
2,45,2,Telekom,telekom,1.0,False
2,38,4,a1,a1,1.0,False
2,41,2,A1,a1,1.0,False
2,33,6,A1,a1,1.0,False
1,55,8,a1,a1,1.0,False
2,33,9,a1,a1,1.0,False
2,54,2,A1,a1,1.0,False
2,49,2,Telemach,telemach,1.0,False
1,43,2,telekonm,telekom,0.9333333333333333,False
2,45,7,A1,a1,1.0,False
2,35,7,a1,a1,1.0,False
2,48,8,a1,a1,1.0,False
1,41,2,Telekom,telekom,1.0,False
2,42,8,A1,a1,1.0,False
2,52,2,A1,a1,1.0,False
1,38,12,a1,a1,1.0,False
1,35,8,A1,a1,1.0,False
2,47,7,Telemach,telemach,1.0,False
2,42,4,A1,a1,1.0,False
1,35,9,A1,a1,1.0,False
2,36,11,A1,a1,1.0,False
2,35,8,Telekom,telekom,1.0,False
2,36,8,a1,a1,1.0,False
2,53,12,Telecom,telekom,0.8571428571428572,False
1,51,6,A1,a1,1.0,False
1,39,8,Simobil,simobil,1.0,False
2,51,7,telecom,telekom,0.8571428571428572,False
1,43,10,A1,a1,1.0,False
1,34,4,Telekom,telekom,1.0,False
2,55,4,a1,a1,1.0,False
2,54,12,A1,a1,1.0,False
1,33,2,A1,a1,1.0,False
1,39,8,T2,t2,1.0,False
2,48,8,A1,a1,1.0,False
1,55,2,Telemach,telemach,1.0,False
1,50,8,a1,a1,1.0,False
2,66,2,A1,a1,1.0,False
1,64,10,a1,a1,1.0,False
2,72,6,A1,a1,1.0,False
2,66,8,a1,a1,1.0,False
2,66,8,A1,a1,1.0,False
2,60,11,A1,a1,1.0,False
2,58,4,TELEMACH,telemach,1.0,False
2,70,6,A 1,a1,0.8,False
2,63,10,Telekom,telekom,1.0,False
2,66,8,A1,a1,1.0,False
2,68,4,A1,a1,1.0,False
1,67,6,a1,a1,1.0,False
2,61,9,A1,a1,1.0,False
1,60,8,A 1,a1,0.8,False
1,60,9,a1,a1,1.0,False
2,64,2,A1,a1,1.0,False
2,57,3,A1,a1,1.0,False
2,56,11,telekom,telekom,1.0,False
2,67,9,A1,a1,1.0,False
2,60,8,a1,a1,1.0,False
1,63,4,a1,a1,1.0,False
2,59,2,a1,a1,1.0,False
2,67,9,t-2,t-2,1.0,False
2,21,8,Telekom,telekom,1.0,False
2,25,8,Telekom,telekom,1.0,False
2,19,3,Telekom,telekom,1.0,False
2,28,8,Telemach,telemach,1.0,False
1,19,1,Telemah,telemach,0.9333333333333333,False
2,23,8,Bob,bob,1.0,False
2,26,6,Telekom,telekom,1.0,False
2,28,4,telemach,telemach,1.0,False
1,26,8,Telekom,telekom,1.0,False
1,29,8,Telemach,telemach,1.0,False
1,29,4,Amis,spar mobil,0.4285714285714286,True
2,20,7,telekom,telekom,1.0,False
1,27,9,A1,a1,1.0,False
1,19,7,Telekom,telekom,1.0,False
1,30,8,T-2,t-2,1.0,False
2,26,2,A1,a1,1.0,False
1,30,1,Telekom,telekom,1.0,False
1,20,12,T2,t2,1.0,False
1,24,7,A1,a1,1.0,False
2,24,12,A1,a1,1.0,False
2,23,8,/,,0.0,True
1,17,8,telekom,telekom,1.0,False
1,20,2,Telekom,telekom,1.0,False
1,55,2,Telekom,telekom,1.0,False
1,38,10,A1,a1,1.0,False
1,45,2,Telekom,telekom,1.0,False
1,37,11,Telekom,telekom,1.0,False
1,33,1,Bob,bob,1.0,False
1,44,1,Telekom,telekom,1.0,False
1,40,6,T2,t2,1.0,False
2,36,8,Telekom,telekom,1.0,False
1,31,8,Telekom,telekom,1.0,False
2,50,4,Telekom,telekom,1.0,False
2,35,5,Telekom Slovenije,telekom slovenije,1.0,False
1,37,2,Telekom,telekom,1.0,False
2,47,9,Telekom,telekom,1.0,False
1,51,7,Telecom,telekom,0.8571428571428572,False
2,38,2,Telekom,telekom,1.0,False
2,33,5,Telekom,telekom,1.0,False
1,32,7,A1,a1,1.0,False
1,50,6,a1,a1,1.0,False
2,51,1,Telekom,telekom,1.0,False
2,44,2,Telemach,telemach,1.0,False
1,31,4,A1,a1,1.0,False
1,34,1,Telekom,telekom,1.0,False
2,36,8,Telekom,telekom,1.0,False
2,47,8,telekom,telekom,1.0,False
1,52,6,BOB,bob,1.0,False
2,43,2,Telekom,telekom,1.0,False
1,47,2,Telekom,telekom,1.0,False
1,42,2,Telekom,telekom,1.0,False
2,37,2,a1,a1,1.0,False
2,34,4,Hofer,hofer,1.0,False
1,33,8,telekom,telekom,1.0,False
2,52,8,TELEKOM SLOVENIJE,telekom slovenije,1.0,False
1,53,8,T2,t2,1.0,False
1,35,4,Telekom,telekom,1.0,False
1,39,8,Telekom,telekom,1.0,False
2,45,9,T2,t2,1.0,False
2,43,10,Telekom,telekom,1.0,False
1,33,8,Telekom,telekom,1.0,False
1,46,9,TELEMACH,telemach,1.0,False
2,49,12,Telekom Slovenija,telekom slovenije,0.9411764705882353,False
1,44,8,Telekom,telekom,1.0,False
2,61,5,Telemach,telemach,1.0,False
1,72,9,Telekom,telekom,1.0,False
1,71,7,Bob,bob,1.0,False
2,57,12,Telekom,telekom,1.0,False
1,67,4,Telemach,telemach,1.0,False
1,63,8,telakom,telekom,0.8571428571428572,False
1,63,4,telemah,telemach,0.9333333333333333,False
2,71,2,Telekom,telekom,1.0,False
1,71,2,telekom,telekom,1.0,False
2,56,2,Telekom,telekom,1.0,False
1,65,4,Telekom,telekom,1.0,False
1,58,8,Telekom Slovenije,telekom slovenije,1.0,False
1,64,9,telekom,telekom,1.0,False
1,63,8,A1,a1,1.0,False
2,62,2,Telekom,telekom,1.0,False
1,57,8,TELEKOM,telekom,1.0,False
1,59,8,Telekom,telekom,1.0,False
2,59,7,telekom,telekom,1.0,False
2,60,8,Telekom,telekom,1.0,False
2,67,8,Telemach,telemach,1.0,False
2,71,10,TELEKOM SLOVENIJE,telekom slovenije,1.0,False
2,67,1,A1,a1,1.0,False
1,71,4,t2,t2,1.0,False
1,56,4,Telemach,telemach,1.0,False
2,29,3,A1,a1,1.0,False
1,30,2,Telemach,telemach,1.0,False
2,29,4,izimobil,izimobil,1.0,False
1,16,8,Telemach,telemach,1.0,False
1,24,11,Zyzyt,t2,0.2857142857142857,True
1,19,1,Hofer,hofer,1.0,False
2,26,8,Telemach,telemach,1.0,False
2,19,12,Twlwkom,telekom,0.7142857142857143,False
1,26,2,T2,t2,1.0,False
2,17,4,Moj Telekom,hot telekom,0.8181818181818181,False
2,29,7,Mobitel,mobitel,1.0,False
2,27,6,BOB,bob,1.0,False
1,29,8,Telemach,telemach,1.0,False
1,20,8,Telekom,telekom,1.0,False
2,27,2,A1,a1,1.0,False
2,29,8,Telemach,telemach,1.0,False
1,23,7,Telemach,telemach,1.0,False
1,21,7,telekom,telekom,1.0,False
1,24,8,telemach,telemach,1.0,False
1,23,9,Telekom,telekom,1.0,False
1,21,12,A1,a1,1.0,False
2,23,8,A1,a1,1.0,False
2,24,6,Telekom,telekom,1.0,False
1,24,2,Telekom Slovenije,telekom slovenije,1.0,False
1,24,7,telekom,telekom,1.0,False
1,29,9,A1,a1,1.0,False
1,24,11,Bob,bob,1.0,False
2,26,8,bob,bob,1.0,False
1,24,10,Bob,bob,1.0,False
1,28,8,telekom,telekom,1.0,False
1,16,8,Samsung,spar mobil,0.3529411764705882,True
1,23,8,T2,t2,1.0,False
1,22,2,telekom,telekom,1.0,False
1,20,2,telemach,telemach,1.0,False
2,24,2,A1,a1,1.0,False
1,30,2,Telemach,telemach,1.0,False
2,28,9,A1,a1,1.0,False
1,23,9,bob,bob,1.0,False
2,30,7,A1,a1,1.0,False
1,18,8,T2,t2,1.0,False
1,18,9,mobitel,mobitel,1.0,False
1,23,2,telemach,telemach,1.0,False
1,28,6,Mobitel,mobitel,1.0,False
2,26,11,Telekom,telekom,1.0,False
1,23,2,T2,t2,1.0,False
2,21,8,hot hofer,hofer,0.7142857142857143,False
1,26,9,izimobil,izimobil,1.0,False
2,20,11,Telekom,telekom,1.0,False
1,20,4,Telemach,telemach,1.0,False
2,20,8,Hot Hofer,hofer,0.7142857142857143,False
2,20,4,A1,a1,1.0,False
2,24,11,Bob,bob,1.0,False
1,20,4,t2,t2,1.0,False
1,27,11,Telemach,telemach,1.0,False
1,28,8,a1,a1,1.0,False
1,29,8,T2,t2,1.0,False
1,25,4,A1,a1,1.0,False
2,22,4,Telemach,telemach,1.0,False
1,28,1,Telemach,telemach,1.0,False
1,26,8,Telekom,telekom,1.0,False
1,29,1,Telekom,telekom,1.0,False
2,19,2,telemach,telemach,1.0,False
1,25,8,Hofer,hofer,1.0,False
2,30,1,Telemach,telemach,1.0,False
2,23,1,A1,a1,1.0,False
2,23,1,T2,t2,1.0,False
1,25,8,Telemach,telemach,1.0,False
2,21,8,Telemah,telemach,0.9333333333333333,False
2,31,12,Telekom,telekom,1.0,False
2,43,9,t2,t2,1.0,False
2,39,12,Telekom,telekom,1.0,False
2,43,4,Telekom,telekom,1.0,False
2,42,8,Telemach,telemach,1.0,False
2,54,8,Telemach,telemach,1.0,False
2,39,12,t2,t2,1.0,False
2,49,7,A1,a1,1.0,False
2,55,2,Telemach,telemach,1.0,False
1,37,7,telekom,telekom,1.0,False
1,40,2,Telekom Slovenije,telekom slovenije,1.0,False
1,50,3,A1,a1,1.0,False
2,42,8,A1,a1,1.0,False
2,35,7,A1,a1,1.0,False
2,41,8,telekom,telekom,1.0,False
1,33,8,A1,a1,1.0,False
2,49,4,telemach,telemach,1.0,False
2,47,2,Telemach,telemach,1.0,False
2,55,8,Bob,bob,1.0,False
1,38,3,Bob,bob,1.0,False
1,37,9,telekom,telekom,1.0,False
1,35,8,bob,bob,1.0,False
2,40,4,A1,a1,1.0,False
2,40,12,Telekom slovenije,telekom slovenije,1.0,False
2,47,9,A1,a1,1.0,False
2,40,6,A1,a1,1.0,False
2,43,8,telekom,telekom,1.0,False
2,37,9,telemach,telemach,1.0,False
2,48,3,A1,a1,1.0,False
2,35,8,A1,a1,1.0,False
1,31,5,a1,a1,1.0,False
1,46,2,Telemach,telemach,1.0,False
1,55,8,Bob,bob,1.0,False
1,45,8,Bob,bob,1.0,False
1,38,8,T-2,t-2,1.0,False
1,45,4,Telekom,telekom,1.0,False
2,45,8,Hot,hot,1.0,False
2,42,8,A1,a1,1.0,False
1,39,2,A1,a1,1.0,False
2,32,10,A1,a1,1.0,False
1,48,2,simobil,simobil,1.0,False
1,31,1,Telemach,telemach,1.0,False
2,36,8,A1,a1,1.0,False
1,38,2,Telekom,telekom,1.0,False
1,45,11,A1,a1,1.0,False
1,42,3,telekom,telekom,1.0,False
2,50,8,Telemach,telemach,1.0,False
2,40,9,Telekom,telekom,1.0,False
1,41,11,Telekom,telekom,1.0,False
2,46,2,telekom,telekom,1.0,False
1,51,4,Telekom Slovenije,telekom slovenije,1.0,False
1,46,2,T2,t2,1.0,False
2,47,8,telekom slovenije,telekom slovenije,1.0,False
2,39,7,telemach,telemach,1.0,False
2,37,9,A1,a1,1.0,False
2,55,6,Telekom,telekom,1.0,False
2,45,11,Telemach,telemach,1.0,False
1,33,7,a1,a1,1.0,False
2,52,9,Telemach,telemach,1.0,False
1,40,3,Telemach,telemach,1.0,False
2,44,12,Telemach,telemach,1.0,False
2,47,6,A1,a1,1.0,False
1,33,8,A1,a1,1.0,False
2,41,2,telekom,telekom,1.0,False
2,48,2,telemach,telemach,1.0,False
1,42,3,Telemach,telemach,1.0,False
1,54,2,t2,t2,1.0,False
1,44,11,Telekom,telekom,1.0,False
2,45,6,a1,a1,1.0,False
1,41,8,telemach,telemach,1.0,False
1,54,8,A1,a1,1.0,False
1,50,3,Mobitel,mobitel,1.0,False
2,52,6,TELEMACH,telemach,1.0,False
1,38,9,Telekom,telekom,1.0,False
1,39,5,A1,a1,1.0,False
2,53,9,hofer,hofer,1.0,False
1,52,8,telemach,telemach,1.0,False
1,51,8,a1,a1,1.0,False
2,45,9,A1,a1,1.0,False
2,54,11,A1,a1,1.0,False
2,55,2,Simobil,simobil,1.0,False
2,47,4,Telekom,telekom,1.0,False
1,43,11,Bob,bob,1.0,False
1,51,8,Izi,izi,1.0,False
1,43,12,A1,a1,1.0,False
1,43,8,Bob,bob,1.0,False
2,49,7,Hot,hot,1.0,False
1,53,8,Telekom,telekom,1.0,False
2,55,2,Telemach,telemach,1.0,False
1,42,12,Hofer,hofer,1.0,False
1,47,4,t2,t2,1.0,False
1,48,8,A1 Slovenia,a1 slovenija,0.9565217391304348,False
2,54,8,Telemach,telemach,1.0,False
2,41,1,telekom,telekom,1.0,False
2,54,10,A1,a1,1.0,False
1,40,8,telemach,telemach,1.0,False
1,47,4,T2,t2,1.0,False
1,43,1,Telemach,telemach,1.0,False
1,52,2,A1,a1,1.0,False
1,51,9,telekom,telekom,1.0,False
2,34,12,Telekom,telekom,1.0,False
1,41,8,A1,a1,1.0,False
1,53,9,A1,a1,1.0,False
2,46,1,Telekom,telekom,1.0,False
1,34,1,Telekom,telekom,1.0,False
1,46,8,Telekom,telekom,1.0,False
2,51,11,A1,a1,1.0,False
2,51,2,Telekom,telekom,1.0,False
1,35,7,T2,t2,1.0,False
2,43,4,telemach,telemach,1.0,False
1,46,6,t2,t2,1.0,False
1,36,2,a1,a1,1.0,False
1,49,10,A1,a1,1.0,False
2,43,9,Telemach,telemach,1.0,False
1,44,8,A1,a1,1.0,False
1,37,4,Telemach,telemach,1.0,False
1,32,9,Telemach,telemach,1.0,False
1,37,8,a1,a1,1.0,False
2,54,2,Telekom,telekom,1.0,False
1,55,10,telekom,telekom,1.0,False
2,51,4,hofer,hofer,1.0,False
2,44,8,Telekom,telekom,1.0,False
2,53,4,Telemach,telemach,1.0,False
2,37,2,telekom,telekom,1.0,False
1,41,7,telekom slovenije,telekom slovenije,1.0,False
2,49,8,TELEKOM,telekom,1.0,False
2,43,4,T2,t2,1.0,False
2,35,8,t2,t2,1.0,False
1,31,8,telekom slovenije,telekom slovenije,1.0,False
1,38,5,telekom,telekom,1.0,False
2,49,4,Telekom,telekom,1.0,False
2,31,10,hot.si,hot,0.6666666666666667,True
1,55,4,Telemah,telemach,0.9333333333333333,False
2,43,7,A1,a1,1.0,False
2,32,12,telekom,telekom,1.0,False
1,44,2,Telemach,telemach,1.0,False
1,44,8,Telemach,telemach,1.0,False
2,33,2,Telemach,telemach,1.0,False
2,33,8,A1,a1,1.0,False
1,43,8,Telemach,telemach,1.0,False
2,36,8,Telekom Slo,telekom slovenije,0.7857142857142857,False
1,48,2,Telemah,telemach,0.9333333333333333,False
2,34,7,telemach,telemach,1.0,False
1,55,4,Hofer Telekom,hofer telekom,1.0,False
1,55,9,Telemach,telemach,1.0,False
1,51,4,Telekom,telekom,1.0,False
1,47,8,telemach,telemach,1.0,False
1,33,5,t2,t2,1.0,False
2,33,5,bob,bob,1.0,False
1,38,10,T2,t2,1.0,False
1,55,8,t2,t2,1.0,False
2,37,3,Telemach,telemach,1.0,False
1,51,1,bob,bob,1.0,False
1,50,8,Telekom,telekom,1.0,False
1,35,9,T2,t2,1.0,False
1,48,9,A1,a1,1.0,False
2,32,5,A1,a1,1.0,False
1,46,8,Telekom,telekom,1.0,False
1,44,8,A1,a1,1.0,False
1,31,8,bob,bob,1.0,False
1,64,2,Telekom,telekom,1.0,False
1,63,4,telemah,telemach,0.9333333333333333,False
2,63,8,telekom,telekom,1.0,False
1,68,8,Telekom,telekom,1.0,False
2,59,12,a1,a1,1.0,False
2,69,7,T2,t2,1.0,False
1,67,5,Telekom,telekom,1.0,False
2,68,1,T2,t2,1.0,False
1,68,1,bob,bob,1.0,False
2,66,8,telekom,telekom,1.0,False
1,69,1,a1,a1,1.0,False
1,59,2,Telemach,telemach,1.0,False
2,69,12,A1,a1,1.0,False
1,56,8,telemach,telemach,1.0,False
2,68,2,T2,t2,1.0,False
2,59,9,A1,a1,1.0,False
1,59,2,Telekom,telekom,1.0,False
2,66,1,Telemach,telemach,1.0,False
2,71,4,Mobitel,mobitel,1.0,False
2,58,8,Telekom,telekom,1.0,False
2,69,7,T2,t2,1.0,False
2,67,8,Telemach,telemach,1.0,False
2,66,3,Telekom,telekom,1.0,False
1,57,8,Hofer mobil,hot mobil,0.8,False
2,60,8,Telemach,telemach,1.0,False
2,67,8,A1,a1,1.0,False
1,59,2,A 1,a1,0.8,False
2,66,9,Spar telekom,telekom,0.736842105263158,False
2,62,10,Telekom,telekom,1.0,False
1,66,2,telekom,telekom,1.0,False
2,64,8,A1,a1,1.0,False
2,70,2,telemach,telemach,1.0,False
2,74,11,T-2,t-2,1.0,False
1,61,8,telemach,telemach,1.0,False
1,56,4,Telemach,telemach,1.0,False
2,58,2,Hot,hot,1.0,False
2,67,4,Telekom,telekom,1.0,False
1,59,2,TELEMACH,telemach,1.0,False
2,72,5,telekom,telekom,1.0,False
2,63,7,A1,a1,1.0,False
1,56,2,BOB,bob,1.0,False
1,70,2,A1,a1,1.0,False
2,65,8,Izimobil,izimobil,1.0,False
2,73,4,telemach,telemach,1.0,False
2,68,3,telemach,telemach,1.0,False
2,71,2,Telekom,telekom,1.0,False
1,73,9,telekom,telekom,1.0,False
1,61,8,Telekom,telekom,1.0,False
2,68,8,Telekom,telekom,1.0,False
2,73,2,Telemach,telemach,1.0,False
1,67,2,telemach,telemach,1.0,False
2,58,8,A1,a1,1.0,False
2,57,8,Tekekom,telekom,0.8571428571428572,False
2,58,11,Bob,bob,1.0,False
2,60,8,A1,a1,1.0,False
2,64,5,Telekom,telekom,1.0,False
2,59,8,Telemach,telemach,1.0,False
2,64,8,Telekom,telekom,1.0,False
2,56,8,telekom,telekom,1.0,False
2,65,2,TELEMACH,telemach,1.0,False
1,60,4,TELEMACH,telemach,1.0,False
2,67,2,A1,a1,1.0,False
2,57,5,TELEKOM,telekom,1.0,False
2,66,5,a1,a1,1.0,False
1,72,12,T2,t2,1.0,False
2,65,2,Telekom,telekom,1.0,False
2,59,11,A1,a1,1.0,False
1,69,5,Mobitel,mobitel,1.0,False
1,69,4,telekom,telekom,1.0,False
1,63,7,Telemach,telemach,1.0,False
1,56,2,Telekom,telekom,1.0,False
1,66,4,Telemach,telemach,1.0,False
2,65,9,Hot Hofer,hofer,0.7142857142857143,False
1,61,1,telekom,telekom,1.0,False
1,57,9,Telemach,telemach,1.0,False
1,66,9,t-2,t-2,1.0,False
1,68,9,izi,izi,1.0,False
1,68,11,telemah,telemach,0.9333333333333333,False
2,62,8,A1,a1,1.0,False
2,64,2,T2,t2,1.0,False
2,56,11,t2,t2,1.0,False
2,66,7,telekom,telekom,1.0,False
1,64,12,Telemach,telemach,1.0,False
2,68,2,T2,t2,1.0,False
2,57,9,Hot,hot,1.0,False
2,63,7,A1,a1,1.0,False
2,69,8,telekom,telekom,1.0,False
2,58,12,Telekom,telekom,1.0,False
1,62,5,T-2,t-2,1.0,False
1,67,4,T2,t2,1.0,False
1,58,2,Spar mobil,spar mobil,1.0,False
1,72,8,Mobitel,mobitel,1.0,False
1,64,2,bob,bob,1.0,False
2,67,12,Hot,hot,1.0,False
2,72,8,A1,a1,1.0,False
2,63,2,telemach,telemach,1.0,False
1,63,8,hot,hot,1.0,False
1,69,1,telemach,telemach,1.0,False
1,65,9,T2,t2,1.0,False
1,71,9,t-2,t-2,1.0,False
2,65,11,Bob,bob,1.0,False
1,56,5,T-2,t-2,1.0,False
1,61,8,telekom,telekom,1.0,False
2,63,9,izi,izi,1.0,False
1,64,1,telekom,telekom,1.0,False
2,58,2,A1,a1,1.0,False
1,62,6,Mobitel,mobitel,1.0,False
2,69,12,telekom,telekom,1.0,False
1,69,9,A1,a1,1.0,False
2,66,9,telekom,telekom,1.0,False
1,63,8,telekom,telekom,1.0,False
1,70,10,T2,t2,1.0,False
2,64,12,Telekon,telekom,0.8571428571428572,False
1,65,6,telekom,telekom,1.0,False
1,59,8,Telekom,telekom,1.0,False
1,70,8,telemach,telemach,1.0,False
1,60,12,telekom,telekom,1.0,False
1,56,8,t2,t2,1.0,False
1,67,1,Telemach,telemach,1.0,False
1,62,1,telekom,telekom,1.0,False
1,58,2,a1,a1,1.0,False
1,67,8,BOB,bob,1.0,False
1,32,8,Telemach,telemach,1.0,False
1,68,2,Telekom,telekom,1.0,False
1,39,4,Telekom slovenije,telekom slovenije,1.0,False
2,35,8,Telekom,telekom,1.0,False
2,75,7,Telekom,telekom,1.0,False
2,58,2,Bob,bob,1.0,False
1,54,9,a1,a1,1.0,False
2,63,2,telemach,telemach,1.0,False
2,43,9,Telemach,telemach,1.0,False
2,67,8,Telemach,telemach,1.0,False
2,49,7,a1,a1,1.0,False
2,33,8,A1,a1,1.0,False
2,66,9,A1,a1,1.0,False
2,28,8,A1,a1,1.0,False
1,44,8,Telekom Slovemije,telekom slovenije,0.9411764705882353,False
2,29,2,telekom,telekom,1.0,False
2,21,2,Telekom,telekom,1.0,False
1,23,8,A1,a1,1.0,False
2,45,6,Telemach,telemach,1.0,False
2,33,9,Telemach,telemach,1.0,False
2,68,4,Telekom,telekom,1.0,False
2,35,8,telemach,telemach,1.0,False
2,45,7,Telekom,telekom,1.0,False
1,43,8,Telekom,telekom,1.0,False
1,28,8,Bob,bob,1.0,False
2,32,4,Telekom,telekom,1.0,False
1,75,2,A1,a1,1.0,False
1,27,8,t-2,t-2,1.0,False
2,27,4,Telemach,telemach,1.0,False
1,54,1,t2,t2,1.0,False
2,51,12,T-2,t-2,1.0,False
1,28,11,a1,a1,1.0,False
2,34,3,Bob,bob,1.0,False
2,23,8,Hot,hot,1.0,False
2,23,4,Telekom Slovenije,telekom slovenije,1.0,False
1,28,4,Telekom,telekom,1.0,False
2,21,6,A1,a1,1.0,False
1,40,2,Telekom,telekom,1.0,False
1,67,4,Bob,bob,1.0,False
2,24,2,Telekom,telekom,1.0,False
1,47,8,A1,a1,1.0,False
2,53,11,telemah,telemach,0.9333333333333333,False
2,58,8,telekom,telekom,1.0,False
2,24,2,Telemach,telemach,1.0,False
1,71,9,t-2,t-2,1.0,False
2,68,2,Telekom,telekom,1.0,False
1,27,8,A1,a1,1.0,False
1,61,12,Telekom,telekom,1.0,False
2,49,9,Telekom,telekom,1.0,False
1,63,8,hot,hot,1.0,False
2,49,2,Telemach,telemach,1.0,False
2,65,9,Hot Hofer,hofer,0.7142857142857143,False
2,65,11,A1,a1,1.0,False
1,34,8,Telekom Slovenije,telekom slovenije,1.0,False
1,33,1,telemach,telemach,1.0,False
2,40,9,A1,a1,1.0,False
2,49,4,telemach,telemach,1.0,False
2,42,1,Telekom,telekom,1.0,False
2,69,9,Telekom,telekom,1.0,False
1,43,4,A1,a1,1.0,False
2,72,5,telekom,telekom,1.0,False
2,43,9,A1,a1,1.0,False
2,38,11,Spar mobile,spar mobil,0.9523809523809523,False
2,57,8,telekom,telekom,1.0,False
2,20,9,A1,a1,1.0,False
1,41,1,A1,a1,1.0,False
2,36,3,T2,t2,1.0,False
1,49,10,A1,a1,1.0,False
1,24,8,telekom,telekom,1.0,False
1,39,10,T-2,t-2,1.0,False
2,69,8,Telekom,telekom,1.0,False
1,33,6,A1,a1,1.0,False
1,68,8,Telemach,telemach,1.0,False
1,49,6,hot,hot,1.0,False
2,65,8,Telemach,telemach,1.0,False
2,52,9,telemach,telemach,1.0,False
1,35,3,telekom,telekom,1.0,False
2,45,8,Bob,bob,1.0,False
1,20,2,telekom,telekom,1.0,False
2,34,4,A1,a1,1.0,False
1,23,7,A1,a1,1.0,False
1,21,2,t2,t2,1.0,False
1,72,8,Mobitel,mobitel,1.0,False
2,67,4,Telekom,telekom,1.0,False
1,41,8,telemach,telemach,1.0,False
2,70,11,Telekom,telekom,1.0,False
2,46,9,Telekom,telekom,1.0,False
1,20,2,A1,a1,1.0,False
2,35,8,Bob,bob,1.0,False
1,21,4,Telemach,telemach,1.0,False
2,71,4,Telemah,telemach,0.9333333333333333,False
2,44,4,A2,a1,0.5,True
2,71,4,T2,t2,1.0,False
2,46,8,Telekom,telekom,1.0,False
2,69,12,telekom,telekom,1.0,False
2,40,9,Telekom,telekom,1.0,False
2,61,2,Telekom,telekom,1.0,False
2,32,7,T-2,t-2,1.0,False
2,34,9,A1,a1,1.0,False
2,53,7,A1,a1,1.0,False
2,37,8,T2,t2,1.0,False
2,22,4,T-2,t-2,1.0,False
2,20,4,Telekom,telekom,1.0,False
2,36,7,Telekom,telekom,1.0,False
2,51,4,hofer,hofer,1.0,False
1,55,8,Telekom,telekom,1.0,False
1,20,6,A1,a1,1.0,False
2,17,12,Telekom slovenije,telekom slovenije,1.0,False
1,68,2,Telemach,telemach,1.0,False
2,35,9,a1,a1,1.0,False
1,42,11,A1,a1,1.0,False
2,63,8,si.mobil,simobil,0.9333333333333333,False
2,32,9,Telemach,telemach,1.0,False
1,40,7,A1,a1,1.0,False
1,68,2,T2,t2,1.0,False
2,43,4,Telekom,telekom,1.0,False
2,61,8,a 1,a1,0.8,False
1,56,1,a1,a1,1.0,False
2,62,10,t2,t2,1.0,False
2,45,7,A1,a1,1.0,False
2,22,2,Telekom Slovenija,telekom slovenije,0.9411764705882353,False
2,21,9,A1,a1,1.0,False
2,22,3,Telemach,telemach,1.0,False
1,67,2,A1,a1,1.0,False
2,66,2,Telemach,telemach,1.0,False
1,43,8,Telekom,telekom,1.0,False
2,36,2,A1,a1,1.0,False
2,68,1,Telekom,telekom,1.0,False
2,28,2,TELEKOM,telekom,1.0,False
2,21,6,T-2,t-2,1.0,False
2,66,7,telekom,telekom,1.0,False
2,25,3,A1,a1,1.0,False
2,62,4,TELEKOM,telekom,1.0,False
1,58,2,a1,a1,1.0,False
2,20,12,TELEMACH,telemach,1.0,False
1,38,5,telekom,telekom,1.0,False
1,26,8,Telekom,telekom,1.0,False
2,38,1,Telemach,telemach,1.0,False
2,69,12,T2,t2,1.0,False
2,27,8,Bob,bob,1.0,False
2,20,4,Telekom,telekom,1.0,False
2,24,9,A1,a1,1.0,False
2,18,8,A1,a1,1.0,False
2,28,11,Bob,bob,1.0,False
1,24,7,A1,a1,1.0,False
1,33,8,t2,t2,1.0,False
2,39,8,a1,a1,1.0,False
1,39,2,A1,a1,1.0,False
2,21,8,telekom,telekom,1.0,False
2,56,2,A1,a1,1.0,False
1,22,12,a1,a1,1.0,False
2,42,4,a1,a1,1.0,False
2,33,8,A1,a1,1.0,False
2,67,12,Hot,hot,1.0,False
1,70,8,A1,a1,1.0,False
1,37,1,telemach,telemach,1.0,False
1,34,8,Telekom,telekom,1.0,False
2,33,8,Hofer,hofer,1.0,False
2,34,8,A1,a1,1.0,False
2,46,7,T2,t2,1.0,False
1,33,11,Telemach,telemach,1.0,False
2,32,3,A1,a1,1.0,False
2,63,7,A1,a1,1.0,False
2,66,8,Telemach,telemach,1.0,False
2,68,8,Telekom,telekom,1.0,False
1,45,11,A1,a1,1.0,False
2,20,7,A1,a1,1.0,False
1,71,3,Telekom,telekom,1.0,False
2,45,1,Telemach,telemach,1.0,False
1,59,2,telemach,telemach,1.0,False
2,63,8,TELEKOM,telekom,1.0,False
1,22,1,telekom,telekom,1.0,False
2,47,8,telemch,telemach,0.9333333333333333,False
2,43,1,telekom,telekom,1.0,False
1,30,9,Bob,bob,1.0,False
1,57,2,Spar mobil,spar mobil,1.0,False
1,38,8,Telekom Slovenije,telekom slovenije,1.0,False
1,51,4,telemach,telemach,1.0,False
2,53,11,Hofer,hofer,1.0,False
1,42,2,a1,a1,1.0,False
1,69,1,Telekom,telekom,1.0,False
1,39,8,telekom,telekom,1.0,False
1,24,11,Bob,bob,1.0,False
1,65,2,MOBITEL,mobitel,1.0,False
2,42,12,A1,a1,1.0,False
2,44,8,Telekom,telekom,1.0,False
1,62,12,A1,a1,1.0,False
1,55,11,t21,t2,0.8,False
1,38,9,A1,a1,1.0,False
1,68,2,telemach,telemach,1.0,False
1,33,12,Telemah,telemach,0.9333333333333333,False
1,26,5,Telekom,telekom,1.0,False
1,57,4,Telekom,telekom,1.0,False
2,42,3,A1,a1,1.0,False
2,58,8,telekom,telekom,1.0,False
1,67,2,telekom,telekom,1.0,False
1,66,4,Telemach,telemach,1.0,False
1,66,9,TELEKOM,telekom,1.0,False
1,62,9,telekom,telekom,1.0,False
2,29,8,A1,a1,1.0,False
1,42,9,A1,a1,1.0,False
1,35,5,T2,t2,1.0,False
1,57,2,telekom,telekom,1.0,False
1,28,8,a1,a1,1.0,False
2,27,1,Bob,bob,1.0,False
2,51,3,a1,a1,1.0,False
1,56,8,mobitel,mobitel,1.0,False
1,37,4,Hot,hot,1.0,False
2,47,9,Telemach,telemach,1.0,False
1,25,6,Telekom Slovenije,telekom slovenije,1.0,False
2,33,2,a1,a1,1.0,False
2,60,8,A1,a1,1.0,False
1,61,11,telekom,telekom,1.0,False
1,25,8,Bob,bob,1.0,False
2,61,1,Telemach,telemach,1.0,False
1,25,8,Simobil,simobil,1.0,False
1,68,1,Telemach,telemach,1.0,False
2,67,12,T2,t2,1.0,False
1,70,8,telemah,telemach,0.9333333333333333,False
2,20,2,Telemach,telemach,1.0,False
1,29,9,telemach,telemach,1.0,False
1,27,4,A1,a1,1.0,False
2,44,8,A1,a1,1.0,False
2,52,9,a1,a1,1.0,False
1,65,5,a1,a1,1.0,False
1,34,2,telekom,telekom,1.0,False
2,20,9,T2,t2,1.0,False
1,24,11,a1,a1,1.0,False
1,28,2,Telekom,telekom,1.0,False
1,33,4,A1,a1,1.0,False
1,23,9,T2,t2,1.0,False
1,51,8,Telekom Slovenije,telekom slovenije,1.0,False
2,47,5,Telekom,telekom,1.0,False
1,41,8,A1,a1,1.0,False
2,38,9,Telemach,telemach,1.0,False
1,50,7,Telekom,telekom,1.0,False
2,29,2,Telemach,telemach,1.0,False
2,55,2,Telemach,telemach,1.0,False
1,42,8,Hot,hot,1.0,False
2,66,3,Telekom,telekom,1.0,False
2,49,9,a1,a1,1.0,False
2,73,2,Telemach,telemach,1.0,False
1,33,6,Telemach,telemach,1.0,False
2,53,4,a1,a1,1.0,False
1,64,12,T2,t2,1.0,False
2,48,8,Telemach,telemach,1.0,False
2,48,8,Telemach,telemach,1.0,False
2,54,1,telemach,telemach,1.0,False
1,55,4,Hofer Telekom,hofer telekom,1.0,False
1,64,9,T2,t2,1.0,False
1,59,2,Telekom,telekom,1.0,False
1,56,4,Telemach,telemach,1.0,False
1,44,11,Hot,hot,1.0,False
1,51,9,Telekom,telekom,1.0,False
2,54,8,Telemach,telemach,1.0,False
2,48,2,IZIMOBIL,izimobil,1.0,False
2,42,8,Telemach,telemach,1.0,False
1,23,9,Telemach,telemach,1.0,False
2,23,1,Telemach,telemach,1.0,False
2,65,2,TELEMACH,telemach,1.0,False
1,50,7,A1,a1,1.0,False
1,63,4,telemah,telemach,0.9333333333333333,False
1,59,2,Telemach,telemach,1.0,False
1,58,2,A1,a1,1.0,False
1,54,8,Telekom,telekom,1.0,False
1,45,6,telekom,telekom,1.0,False
1,46,2,T2,t2,1.0,False
1,44,8,Telekom,telekom,1.0,False
2,50,4,Telemach,telemach,1.0,False
2,53,4,a1,a1,1.0,False
1,51,8,A1,a1,1.0,False
1,50,10,Telekom,telekom,1.0,False
1,52,10,A1,a1,1.0,False
2,29,5,A1,a1,1.0,False
1,55,2,Telekom,telekom,1.0,False
1,52,4,A1,a1,1.0,False
1,51,3,telekom,telekom,1.0,False
1,61,8,A1,a1,1.0,False
1,19,2,A1,a1,1.0,False
2,35,4,telemach,telemach,1.0,False
2,57,8,a1,a1,1.0,False
2,39,5,Telekom,telekom,1.0,False
1,62,6,Mobitel,mobitel,1.0,False
1,65,2,telekom,telekom,1.0,False
2,53,8,TELEKOM,telekom,1.0,False
1,24,10,Telemach,telemach,1.0,False
1,18,9,t2,t2,1.0,False
1,39,8,123,a1,0.4,True
1,47,6,A1,a1,1.0,False
2,57,6,Telekom,telekom,1.0,False
1,70,8,t2,t2,1.0,False
1,56,8,a1,a1,1.0,False
2,43,4,a1,a1,1.0,False
1,69,8,T-2,t-2,1.0,False
2,53,4,Telekom,telekom,1.0,False
1,44,7,Telekom Slovenije,telekom slovenije,1.0,False
1,28,2,A1,a1,1.0,False
1,33,8,Telemach,telemach,1.0,False
1,22,2,Telekom,telekom,1.0,False
1,23,2,telemach,telemach,1.0,False
2,71,2,telemach,telemach,1.0,False
2,54,2,Telekom,telekom,1.0,False
2,41,4,T2,t2,1.0,False
1,31,8,telekom slovenije,telekom slovenije,1.0,False
1,29,2,A1,a1,1.0,False
2,59,11,A1,a1,1.0,False
2,31,8,Telekom,telekom,1.0,False
2,63,4,hot,hot,1.0,False
1,52,2,Telekom,telekom,1.0,False
1,35,4,A1,a1,1.0,False
2,36,7,A1,a1,1.0,False
1,46,2,A1,a1,1.0,False
1,33,2,t2,t2,1.0,False
1,18,11,T2,t2,1.0,False
1,21,7,telekom,telekom,1.0,False
1,50,9,Re do,re do,1.0,False
1,46,8,Telekom,telekom,1.0,False
1,40,6,Telekom,telekom,1.0,False
1,19,8,Telemach,telemach,1.0,False
2,27,2,Telekom,telekom,1.0,False
1,42,12,Telekom,telekom,1.0,False
2,29,7,Telemach,telemach,1.0,False
1,51,4,Telekom,telekom,1.0,False
1,20,9,bob,bob,1.0,False
1,43,2,T2,t2,1.0,False
1,43,1,Bob,bob,1.0,False
1,67,9,telekom,telekom,1.0,False
1,65,2,telekom,telekom,1.0,False
1,46,2,telemach,telemach,1.0,False
1,20,4,Telemach,telemach,1.0,False
1,50,7,A1,a1,1.0,False
1,53,2,t2,t2,1.0,False
1,63,8,telekom,telekom,1.0,False
1,50,12,t2,t2,1.0,False
1,45,12,Hofer,hofer,1.0,False
2,52,8,Telemach,telemach,1.0,False
2,57,9,A1,a1,1.0,False
1,40,7,A1,a1,1.0,False
1,58,5,Hot,hot,1.0,False
2,67,8,T2,t2,1.0,False
2,67,9,Telemach,telemach,1.0,False
2,59,4,A1,a1,1.0,False
1,56,2,Telemach,telemach,1.0,False
1,60,2,A1,a1,1.0,False
